dataset,regime,alpha,requested_budget,gamma,score_name,row_count,certification_rate,mean_certified_coverage_at_alpha,mean_cert_risk_ucb,mean_test_risk,mean_test_coverage
cifar10,asym20,0.05,500,0.7,entropy,5,0.2,0.0469660096032522,0.0970506067830223,0.0465480103790922,0.3097399999999999
cifar10,asym20,0.1,1500,0.7,msp,5,1.0,0.5120158206296741,0.0923115244488449,0.0713280263832759,0.5438799999999999
cifar10,sym35,0.05,250,1.0,margin,5,0.0,0.0,0.3279722138054942,0.0509203268389079,0.1328
cifar10,sym35,0.1,1500,1.0,entropy,5,0.2,0.0581440551795256,0.1241989240238244,0.0966463101031467,0.33704
cifar100,asym20,0.05,full,0.5,margin,5,1.0,0.1264567334472313,0.0489534742914395,0.027192386131883,0.1471
cifar100,asym20,0.1,full,0.7,entropy,5,1.0,0.2852494996306846,0.0820477440628798,0.0662878787878787,0.3168
cifar100,sym35,0.05,250,1.0,entropy,5,0.0,0.0,0.3340317046496673,0.0463819574793531,0.0919599999999999
cifar100,sym35,0.1,full,0.5,margin,5,1.0,0.1203858518625863,0.0963562270116965,0.066710268149117,0.1529
